#,Supervisor,Examiner 1,Examiner 2
P1,S047,S037,S028
P2,S033,S023,S028
P3,S023,S032,S028
P4,S005,S046,S039
P5,S016,S006,S010
P6,S038,S032,S035
P7,S003,S001,S029
P8,S022,S003,S033
P9,S015,S004,S024
P10,S031,S009,S044
P11,S041,S015,S024
P12,S045,S022,S028
P13,S035,S014,S007
P14,S010,S016,S039
P15,S026,S004,S024
P16,S005,S009,S043
P17,S040,S023,S041
P18,S005,S009,S043
P19,S026,S004,S028
P20,S022,S009,S025
P21,S015,S004,S024
P22,S025,S009,S043
P23,S034,S023,S027
P24,S027,S022,S033
P25,S045,S001,S007
P26,S017,S011,S020
P27,S005,S016,S045
P28,S026,S014,S033
P29,S042,S014,S037
P30,S021,S016,S025
P31,S004,S015,S029
P32,S021,S014,S007
P33,S011,S022,S027
P34,S026,S004,S024
P35,S031,S015,S047
P36,S037,S003,S038
P37,S011,S022,S018
P38,S043,S006,S039
P39,S026,S032,S007
P40,S021,S016,S025
P41,S035,S014,S007
P42,S044,S023,S037
P43,S005,S009,S043
P44,S046,S001,S025
P45,S005,S046,S039
P46,S045,S036,S037
P47,S045,S030,S037
P48,S021,S014,S007
P49,S035,S014,S007
P50,S031,S003,S025
P51,S012,S006,S010
P52,S040,S023,S041
P53,S025,S011,S038
P54,S033,S023,S029
P55,S005,S016,S045
P56,S037,S003,S039
P57,S027,S022,S033
P58,S007,S032,S010
P59,S023,S032,S028
P60,S003,S009,S029
P61,S005,S009,S043
P62,S005,S009,S043
P63,S046,S001,S025
P64,S036,S023,S042
P65,S038,S032,S035
P66,S005,S009,S043
P67,S003,S001,S029
P68,S040,S017,S018
P69,S028,S037,S024
P70,S030,S040,S035
P71,S041,S015,S031
P72,S017,S036,S020
P73,S016,S006,S010
P74,S022,S003,S033
P75,S041,S023,S028
P76,S018,S015,S029
P77,S031,S015,S035
P78,S031,S015,S035
P79,S043,S006,S039
P80,S030,S040,S035
P81,S001,S003,S045
P82,S040,S036,S018
P83,S039,S017,S038
P84,S021,S011,S042
P85,S039,S036,S038
P86,S015,S004,S024
P87,S026,S015,S033
P88,S001,S003,S045
P89,S005,S016,S045
P90,S047,S037,S028
P91,S031,S042,S029
P92,S025,S022,S027
P93,S042,S014,S044
P94,S033,S014,S025
P95,S012,S006,S010
P96,S033,S001,S025
P97,S029,S042,S044
P98,S036,S022,S027
P99,S029,S032,S007
P100,S006,S016,S010
P101,S024,S014,S007
P102,S036,S009,S039
P103,S024,S042,S026
P104,S027,S036,S033
P105,S016,S006,S010
P106,S012,S006,S010
P107,S039,S032,S045
P108,S017,S036,S020
P109,S017,S011,S020
P110,S017,S036,S020
P111,S039,S032,S045
P112,S017,S036,S020
P113,S017,S011,S020
P114,S043,S006,S044
P115,S026,S003,S043
P116,S006,S016,S010
P117,S011,S022,S018
P118,S023,S032,S028
